epoch,train_loss,val_loss,test_loss,train_prec1,val_prec1,test_prec1,train_prec5,val_prec5,test_prec5,best_val_epoch,best_prec1_val,best_test_epoch,best_prec1_test
1,"tensor(1.8895, device='cuda:0')","tensor(1.6636, device='cuda:0')","tensor(1.6576, device='cuda:0')","tensor(30.6289, device='cuda:0')","tensor(39.8400, device='cuda:0')","tensor(39.9500, device='cuda:0')","tensor(83.9267, device='cuda:0')","tensor(90.4400, device='cuda:0')","tensor(90.3400, device='cuda:0')",1,"tensor(39.8400, device='cuda:0')",1,"tensor(39.9500, device='cuda:0')"
2,"tensor(1.5728, device='cuda:0')","tensor(1.4628, device='cuda:0')","tensor(1.4434, device='cuda:0')","tensor(43.2578, device='cuda:0')","tensor(47.5600, device='cuda:0')","tensor(48.0800, device='cuda:0')","tensor(90.5000, device='cuda:0')","tensor(92.0400, device='cuda:0')","tensor(92.3500, device='cuda:0')",2,"tensor(47.5600, device='cuda:0')",2,"tensor(48.0800, device='cuda:0')"
3,"tensor(1.3661, device='cuda:0')","tensor(1.3213, device='cuda:0')","tensor(1.3061, device='cuda:0')","tensor(51.2756, device='cuda:0')","tensor(51.8000, device='cuda:0')","tensor(51.8200, device='cuda:0')","tensor(93.4378, device='cuda:0')","tensor(94.8400, device='cuda:0')","tensor(94.6900, device='cuda:0')",3,"tensor(51.8000, device='cuda:0')",3,"tensor(51.8200, device='cuda:0')"
4,"tensor(1.2271, device='cuda:0')","tensor(1.1418, device='cuda:0')","tensor(1.1279, device='cuda:0')","tensor(56.4889, device='cuda:0')","tensor(59.3600, device='cuda:0')","tensor(59.8100, device='cuda:0')","tensor(94.7289, device='cuda:0')","tensor(96.2400, device='cuda:0')","tensor(96.3600, device='cuda:0')",4,"tensor(59.3600, device='cuda:0')",4,"tensor(59.8100, device='cuda:0')"
5,"tensor(1.1060, device='cuda:0')","tensor(1.4166, device='cuda:0')","tensor(1.3893, device='cuda:0')","tensor(60.8489, device='cuda:0')","tensor(51.3800, device='cuda:0')","tensor(51.3700, device='cuda:0')","tensor(95.9289, device='cuda:0')","tensor(93.4200, device='cuda:0')","tensor(93.6200, device='cuda:0')",4,"tensor(59.3600, device='cuda:0')",4,"tensor(59.8100, device='cuda:0')"
6,"tensor(1.0288, device='cuda:0')","tensor(1.0430, device='cuda:0')","tensor(1.0169, device='cuda:0')","tensor(63.5778, device='cuda:0')","tensor(63.2200, device='cuda:0')","tensor(63.8500, device='cuda:0')","tensor(96.6244, device='cuda:0')","tensor(96.7000, device='cuda:0')","tensor(97.0400, device='cuda:0')",6,"tensor(63.2200, device='cuda:0')",6,"tensor(63.8500, device='cuda:0')"
7,"tensor(0.9635, device='cuda:0')","tensor(1.2926, device='cuda:0')","tensor(1.2611, device='cuda:0')","tensor(66.1489, device='cuda:0')","tensor(57.6800, device='cuda:0')","tensor(57.7200, device='cuda:0')","tensor(97.1689, device='cuda:0')","tensor(93.1200, device='cuda:0')","tensor(93.8400, device='cuda:0')",6,"tensor(63.2200, device='cuda:0')",6,"tensor(63.8500, device='cuda:0')"
8,"tensor(0.9061, device='cuda:0')","tensor(0.9569, device='cuda:0')","tensor(0.9473, device='cuda:0')","tensor(68.1267, device='cuda:0')","tensor(67.0400, device='cuda:0')","tensor(67.9600, device='cuda:0')","tensor(97.4822, device='cuda:0')","tensor(96.4200, device='cuda:0')","tensor(96.6800, device='cuda:0')",8,"tensor(67.0400, device='cuda:0')",8,"tensor(67.9600, device='cuda:0')"
9,"tensor(0.8562, device='cuda:0')","tensor(0.9470, device='cuda:0')","tensor(0.9577, device='cuda:0')","tensor(69.8889, device='cuda:0')","tensor(67.9200, device='cuda:0')","tensor(67.6500, device='cuda:0')","tensor(97.7333, device='cuda:0')","tensor(96.6000, device='cuda:0')","tensor(96.7800, device='cuda:0')",9,"tensor(67.9200, device='cuda:0')",8,"tensor(67.9600, device='cuda:0')"
10,"tensor(0.8157, device='cuda:0')","tensor(0.9333, device='cuda:0')","tensor(0.9531, device='cuda:0')","tensor(71.6133, device='cuda:0')","tensor(68.4000, device='cuda:0')","tensor(67.3000, device='cuda:0')","tensor(97.8711, device='cuda:0')","tensor(97.4600, device='cuda:0')","tensor(97.2800, device='cuda:0')",10,"tensor(68.4000, device='cuda:0')",8,"tensor(67.9600, device='cuda:0')"
11,"tensor(0.7717, device='cuda:0')","tensor(0.9907, device='cuda:0')","tensor(0.9917, device='cuda:0')","tensor(73.0133, device='cuda:0')","tensor(65.3000, device='cuda:0')","tensor(65.5700, device='cuda:0')","tensor(98.2578, device='cuda:0')","tensor(96.9400, device='cuda:0')","tensor(97.2500, device='cuda:0')",10,"tensor(68.4000, device='cuda:0')",8,"tensor(67.9600, device='cuda:0')"
12,"tensor(0.7551, device='cuda:0')","tensor(1.2108, device='cuda:0')","tensor(1.2080, device='cuda:0')","tensor(73.8778, device='cuda:0')","tensor(58.6600, device='cuda:0')","tensor(58.5300, device='cuda:0')","tensor(98.2956, device='cuda:0')","tensor(96.9200, device='cuda:0')","tensor(96.9800, device='cuda:0')",10,"tensor(68.4000, device='cuda:0')",8,"tensor(67.9600, device='cuda:0')"
13,"tensor(0.7184, device='cuda:0')","tensor(0.9466, device='cuda:0')","tensor(0.9435, device='cuda:0')","tensor(75.1622, device='cuda:0')","tensor(66.9600, device='cuda:0')","tensor(67.7900, device='cuda:0')","tensor(98.4933, device='cuda:0')","tensor(97.2600, device='cuda:0')","tensor(97.0900, device='cuda:0')",10,"tensor(68.4000, device='cuda:0')",8,"tensor(67.9600, device='cuda:0')"
14,"tensor(0.7106, device='cuda:0')","tensor(0.7369, device='cuda:0')","tensor(0.7303, device='cuda:0')","tensor(75.4533, device='cuda:0')","tensor(74.5600, device='cuda:0')","tensor(74.2700, device='cuda:0')","tensor(98.4244, device='cuda:0')","tensor(98.5000, device='cuda:0')","tensor(98.4800, device='cuda:0')",14,"tensor(74.5600, device='cuda:0')",14,"tensor(74.2700, device='cuda:0')"
15,"tensor(0.7022, device='cuda:0')","tensor(0.9684, device='cuda:0')","tensor(0.9793, device='cuda:0')","tensor(75.8356, device='cuda:0')","tensor(66.4400, device='cuda:0')","tensor(66.2600, device='cuda:0')","tensor(98.5578, device='cuda:0')","tensor(97.0200, device='cuda:0')","tensor(96.7100, device='cuda:0')",14,"tensor(74.5600, device='cuda:0')",14,"tensor(74.2700, device='cuda:0')"
16,"tensor(0.6900, device='cuda:0')","tensor(1.0250, device='cuda:0')","tensor(1.0409, device='cuda:0')","tensor(76.5244, device='cuda:0')","tensor(67.7000, device='cuda:0')","tensor(67.0600, device='cuda:0')","tensor(98.5022, device='cuda:0')","tensor(94.8200, device='cuda:0')","tensor(94.4200, device='cuda:0')",14,"tensor(74.5600, device='cuda:0')",14,"tensor(74.2700, device='cuda:0')"
17,"tensor(0.7005, device='cuda:0')","tensor(1.0653, device='cuda:0')","tensor(1.0704, device='cuda:0')","tensor(75.9844, device='cuda:0')","tensor(64.0600, device='cuda:0')","tensor(64.0100, device='cuda:0')","tensor(98.5000, device='cuda:0')","tensor(97.3600, device='cuda:0')","tensor(96.9800, device='cuda:0')",14,"tensor(74.5600, device='cuda:0')",14,"tensor(74.2700, device='cuda:0')"
18,"tensor(0.7079, device='cuda:0')","tensor(1.3988, device='cuda:0')","tensor(1.3689, device='cuda:0')","tensor(75.7600, device='cuda:0')","tensor(54.4200, device='cuda:0')","tensor(55.2200, device='cuda:0')","tensor(98.4156, device='cuda:0')","tensor(94.7000, device='cuda:0')","tensor(95.0900, device='cuda:0')",14,"tensor(74.5600, device='cuda:0')",14,"tensor(74.2700, device='cuda:0')"
19,"tensor(0.7165, device='cuda:0')","tensor(1.0520, device='cuda:0')","tensor(1.0417, device='cuda:0')","tensor(75.3933, device='cuda:0')","tensor(64.8600, device='cuda:0')","tensor(64.6600, device='cuda:0')","tensor(98.3667, device='cuda:0')","tensor(97.0200, device='cuda:0')","tensor(97.0800, device='cuda:0')",14,"tensor(74.5600, device='cuda:0')",14,"tensor(74.2700, device='cuda:0')"
20,"tensor(0.7354, device='cuda:0')","tensor(1.0162, device='cuda:0')","tensor(1.0318, device='cuda:0')","tensor(74.9978, device='cuda:0')","tensor(65.3200, device='cuda:0')","tensor(64.4800, device='cuda:0')","tensor(98.2444, device='cuda:0')","tensor(97.6400, device='cuda:0')","tensor(97.3400, device='cuda:0')",14,"tensor(74.5600, device='cuda:0')",14,"tensor(74.2700, device='cuda:0')"
21,"tensor(0.7438, device='cuda:0')","tensor(0.9717, device='cuda:0')","tensor(0.9632, device='cuda:0')","tensor(74.4022, device='cuda:0')","tensor(66.4400, device='cuda:0')","tensor(66.5600, device='cuda:0')","tensor(98.2933, device='cuda:0')","tensor(96.8400, device='cuda:0')","tensor(97.3400, device='cuda:0')",14,"tensor(74.5600, device='cuda:0')",14,"tensor(74.2700, device='cuda:0')"
22,"tensor(0.7261, device='cuda:0')","tensor(1.1225, device='cuda:0')","tensor(1.1058, device='cuda:0')","tensor(75.2489, device='cuda:0')","tensor(61.5800, device='cuda:0')","tensor(61.6500, device='cuda:0')","tensor(98.2844, device='cuda:0')","tensor(95.5000, device='cuda:0')","tensor(95.8200, device='cuda:0')",14,"tensor(74.5600, device='cuda:0')",14,"tensor(74.2700, device='cuda:0')"
23,"tensor(0.7210, device='cuda:0')","tensor(1.0158, device='cuda:0')","tensor(1.0131, device='cuda:0')","tensor(75.1422, device='cuda:0')","tensor(64.1200, device='cuda:0')","tensor(64.5200, device='cuda:0')","tensor(98.4578, device='cuda:0')","tensor(96.9400, device='cuda:0')","tensor(97.1500, device='cuda:0')",14,"tensor(74.5600, device='cuda:0')",14,"tensor(74.2700, device='cuda:0')"
24,"tensor(0.7089, device='cuda:0')","tensor(1.2970, device='cuda:0')","tensor(1.3149, device='cuda:0')","tensor(75.7022, device='cuda:0')","tensor(59., device='cuda:0')","tensor(58.4800, device='cuda:0')","tensor(98.4600, device='cuda:0')","tensor(92.4000, device='cuda:0')","tensor(92.0500, device='cuda:0')",14,"tensor(74.5600, device='cuda:0')",14,"tensor(74.2700, device='cuda:0')"
25,"tensor(0.6902, device='cuda:0')","tensor(1.0487, device='cuda:0')","tensor(1.0646, device='cuda:0')","tensor(76.2978, device='cuda:0')","tensor(65.9200, device='cuda:0')","tensor(65.4900, device='cuda:0')","tensor(98.5600, device='cuda:0')","tensor(94.5600, device='cuda:0')","tensor(94.8800, device='cuda:0')",14,"tensor(74.5600, device='cuda:0')",14,"tensor(74.2700, device='cuda:0')"
26,"tensor(0.6844, device='cuda:0')","tensor(0.8928, device='cuda:0')","tensor(0.8778, device='cuda:0')","tensor(76.3956, device='cuda:0')","tensor(70.1800, device='cuda:0')","tensor(70.2900, device='cuda:0')","tensor(98.6156, device='cuda:0')","tensor(97.1000, device='cuda:0')","tensor(97.2800, device='cuda:0')",14,"tensor(74.5600, device='cuda:0')",14,"tensor(74.2700, device='cuda:0')"
27,"tensor(0.6698, device='cuda:0')","tensor(1.0387, device='cuda:0')","tensor(1.0715, device='cuda:0')","tensor(77.0600, device='cuda:0')","tensor(63.3800, device='cuda:0')","tensor(62.8600, device='cuda:0')","tensor(98.5756, device='cuda:0')","tensor(97.7800, device='cuda:0')","tensor(97.6800, device='cuda:0')",14,"tensor(74.5600, device='cuda:0')",14,"tensor(74.2700, device='cuda:0')"
28,"tensor(0.6592, device='cuda:0')","tensor(0.7378, device='cuda:0')","tensor(0.7312, device='cuda:0')","tensor(77.7156, device='cuda:0')","tensor(75.4400, device='cuda:0')","tensor(75.0200, device='cuda:0')","tensor(98.6244, device='cuda:0')","tensor(98., device='cuda:0')","tensor(98.2600, device='cuda:0')",28,"tensor(75.4400, device='cuda:0')",28,"tensor(75.0200, device='cuda:0')"
29,"tensor(0.6456, device='cuda:0')","tensor(0.8736, device='cuda:0')","tensor(0.8954, device='cuda:0')","tensor(77.9689, device='cuda:0')","tensor(70.6600, device='cuda:0')","tensor(69.2600, device='cuda:0')","tensor(98.6689, device='cuda:0')","tensor(97.1000, device='cuda:0')","tensor(96.8500, device='cuda:0')",28,"tensor(75.4400, device='cuda:0')",28,"tensor(75.0200, device='cuda:0')"
30,"tensor(0.6319, device='cuda:0')","tensor(0.9806, device='cuda:0')","tensor(0.9970, device='cuda:0')","tensor(78.2600, device='cuda:0')","tensor(67.9400, device='cuda:0')","tensor(67.1700, device='cuda:0')","tensor(98.7644, device='cuda:0')","tensor(96.0200, device='cuda:0')","tensor(96.6100, device='cuda:0')",28,"tensor(75.4400, device='cuda:0')",28,"tensor(75.0200, device='cuda:0')"
31,"tensor(0.6291, device='cuda:0')","tensor(0.7779, device='cuda:0')","tensor(0.7684, device='cuda:0')","tensor(78.5844, device='cuda:0')","tensor(72.2200, device='cuda:0')","tensor(72.7500, device='cuda:0')","tensor(98.8489, device='cuda:0')","tensor(98.3200, device='cuda:0')","tensor(98.5100, device='cuda:0')",28,"tensor(75.4400, device='cuda:0')",28,"tensor(75.0200, device='cuda:0')"
32,"tensor(0.6065, device='cuda:0')","tensor(0.7609, device='cuda:0')","tensor(0.7718, device='cuda:0')","tensor(79.1067, device='cuda:0')","tensor(74.1000, device='cuda:0')","tensor(74.1300, device='cuda:0')","tensor(98.8400, device='cuda:0')","tensor(97.7400, device='cuda:0')","tensor(97.9200, device='cuda:0')",28,"tensor(75.4400, device='cuda:0')",28,"tensor(75.0200, device='cuda:0')"
33,"tensor(0.5925, device='cuda:0')","tensor(0.8914, device='cuda:0')","tensor(0.9060, device='cuda:0')","tensor(79.8178, device='cuda:0')","tensor(69.8400, device='cuda:0')","tensor(68.9900, device='cuda:0')","tensor(98.9400, device='cuda:0')","tensor(97.5400, device='cuda:0')","tensor(97.5300, device='cuda:0')",28,"tensor(75.4400, device='cuda:0')",28,"tensor(75.0200, device='cuda:0')"
34,"tensor(0.5794, device='cuda:0')","tensor(0.8167, device='cuda:0')","tensor(0.8260, device='cuda:0')","tensor(80.1356, device='cuda:0')","tensor(73.1000, device='cuda:0')","tensor(72.5600, device='cuda:0')","tensor(99.0156, device='cuda:0')","tensor(96.8600, device='cuda:0')","tensor(96.9800, device='cuda:0')",28,"tensor(75.4400, device='cuda:0')",28,"tensor(75.0200, device='cuda:0')"
35,"tensor(0.5691, device='cuda:0')","tensor(0.6747, device='cuda:0')","tensor(0.6705, device='cuda:0')","tensor(80.5689, device='cuda:0')","tensor(76.9200, device='cuda:0')","tensor(77.2800, device='cuda:0')","tensor(98.9911, device='cuda:0')","tensor(98.2600, device='cuda:0')","tensor(98.3300, device='cuda:0')",35,"tensor(76.9200, device='cuda:0')",35,"tensor(77.2800, device='cuda:0')"
36,"tensor(0.5605, device='cuda:0')","tensor(0.7765, device='cuda:0')","tensor(0.7638, device='cuda:0')","tensor(80.7111, device='cuda:0')","tensor(72.8400, device='cuda:0')","tensor(73.2000, device='cuda:0')","tensor(99.0067, device='cuda:0')","tensor(98.4200, device='cuda:0')","tensor(98.4200, device='cuda:0')",35,"tensor(76.9200, device='cuda:0')",35,"tensor(77.2800, device='cuda:0')"
37,"tensor(0.5487, device='cuda:0')","tensor(0.9826, device='cuda:0')","tensor(0.9954, device='cuda:0')","tensor(81.3356, device='cuda:0')","tensor(69., device='cuda:0')","tensor(68.4600, device='cuda:0')","tensor(99.0978, device='cuda:0')","tensor(95.6200, device='cuda:0')","tensor(95.1800, device='cuda:0')",35,"tensor(76.9200, device='cuda:0')",35,"tensor(77.2800, device='cuda:0')"
38,"tensor(0.5313, device='cuda:0')","tensor(0.5987, device='cuda:0')","tensor(0.5954, device='cuda:0')","tensor(81.9489, device='cuda:0')","tensor(79.5800, device='cuda:0')","tensor(79.4300, device='cuda:0')","tensor(99.0511, device='cuda:0')","tensor(99., device='cuda:0')","tensor(99.0200, device='cuda:0')",38,"tensor(79.5800, device='cuda:0')",38,"tensor(79.4300, device='cuda:0')"
39,"tensor(0.5176, device='cuda:0')","tensor(0.6058, device='cuda:0')","tensor(0.6004, device='cuda:0')","tensor(82.4489, device='cuda:0')","tensor(78.9600, device='cuda:0')","tensor(79.5500, device='cuda:0')","tensor(99.2089, device='cuda:0')","tensor(98.9400, device='cuda:0')","tensor(98.9400, device='cuda:0')",38,"tensor(79.5800, device='cuda:0')",39,"tensor(79.5500, device='cuda:0')"
40,"tensor(0.5058, device='cuda:0')","tensor(0.6615, device='cuda:0')","tensor(0.6625, device='cuda:0')","tensor(82.7711, device='cuda:0')","tensor(77.2800, device='cuda:0')","tensor(77.4500, device='cuda:0')","tensor(99.2267, device='cuda:0')","tensor(98.0400, device='cuda:0')","tensor(98.3300, device='cuda:0')",38,"tensor(79.5800, device='cuda:0')",39,"tensor(79.5500, device='cuda:0')"
41,"tensor(0.4951, device='cuda:0')","tensor(0.6079, device='cuda:0')","tensor(0.5964, device='cuda:0')","tensor(83.0667, device='cuda:0')","tensor(79.8200, device='cuda:0')","tensor(79.7200, device='cuda:0')","tensor(99.2711, device='cuda:0')","tensor(98.6400, device='cuda:0')","tensor(98.6600, device='cuda:0')",41,"tensor(79.8200, device='cuda:0')",41,"tensor(79.7200, device='cuda:0')"
42,"tensor(0.4853, device='cuda:0')","tensor(0.7622, device='cuda:0')","tensor(0.7530, device='cuda:0')","tensor(83.3911, device='cuda:0')","tensor(74.4600, device='cuda:0')","tensor(74.2900, device='cuda:0')","tensor(99.3178, device='cuda:0')","tensor(98.1600, device='cuda:0')","tensor(98.2800, device='cuda:0')",41,"tensor(79.8200, device='cuda:0')",41,"tensor(79.7200, device='cuda:0')"
43,"tensor(0.4699, device='cuda:0')","tensor(0.7013, device='cuda:0')","tensor(0.7013, device='cuda:0')","tensor(83.9467, device='cuda:0')","tensor(75.9600, device='cuda:0')","tensor(75.5600, device='cuda:0')","tensor(99.3511, device='cuda:0')","tensor(98.7600, device='cuda:0')","tensor(98.8600, device='cuda:0')",41,"tensor(79.8200, device='cuda:0')",41,"tensor(79.7200, device='cuda:0')"
44,"tensor(0.4621, device='cuda:0')","tensor(0.5731, device='cuda:0')","tensor(0.5701, device='cuda:0')","tensor(84.2711, device='cuda:0')","tensor(80.9200, device='cuda:0')","tensor(81.3900, device='cuda:0')","tensor(99.3689, device='cuda:0')","tensor(98.8800, device='cuda:0')","tensor(98.9900, device='cuda:0')",44,"tensor(80.9200, device='cuda:0')",44,"tensor(81.3900, device='cuda:0')"
45,"tensor(0.4514, device='cuda:0')","tensor(0.6123, device='cuda:0')","tensor(0.6160, device='cuda:0')","tensor(84.6289, device='cuda:0')","tensor(79.0400, device='cuda:0')","tensor(78.8800, device='cuda:0')","tensor(99.3756, device='cuda:0')","tensor(99.1400, device='cuda:0')","tensor(99.1500, device='cuda:0')",44,"tensor(80.9200, device='cuda:0')",44,"tensor(81.3900, device='cuda:0')"
46,"tensor(0.4385, device='cuda:0')","tensor(0.5441, device='cuda:0')","tensor(0.5382, device='cuda:0')","tensor(85.0756, device='cuda:0')","tensor(81.3400, device='cuda:0')","tensor(81.5400, device='cuda:0')","tensor(99.3933, device='cuda:0')","tensor(99.0200, device='cuda:0')","tensor(99.2200, device='cuda:0')",46,"tensor(81.3400, device='cuda:0')",46,"tensor(81.5400, device='cuda:0')"
47,"tensor(0.4235, device='cuda:0')","tensor(0.7280, device='cuda:0')","tensor(0.7411, device='cuda:0')","tensor(85.5733, device='cuda:0')","tensor(75.6600, device='cuda:0')","tensor(75.5100, device='cuda:0')","tensor(99.4422, device='cuda:0')","tensor(98.3400, device='cuda:0')","tensor(98.4800, device='cuda:0')",46,"tensor(81.3400, device='cuda:0')",46,"tensor(81.5400, device='cuda:0')"
48,"tensor(0.4273, device='cuda:0')","tensor(0.5413, device='cuda:0')","tensor(0.5458, device='cuda:0')","tensor(85.6644, device='cuda:0')","tensor(82.2200, device='cuda:0')","tensor(81.8400, device='cuda:0')","tensor(99.4178, device='cuda:0')","tensor(99.0600, device='cuda:0')","tensor(99.0400, device='cuda:0')",48,"tensor(82.2200, device='cuda:0')",48,"tensor(81.8400, device='cuda:0')"
49,"tensor(0.4090, device='cuda:0')","tensor(0.5659, device='cuda:0')","tensor(0.5686, device='cuda:0')","tensor(86.0222, device='cuda:0')","tensor(80.7400, device='cuda:0')","tensor(81.3500, device='cuda:0')","tensor(99.5244, device='cuda:0')","tensor(99., device='cuda:0')","tensor(98.7300, device='cuda:0')",48,"tensor(82.2200, device='cuda:0')",48,"tensor(81.8400, device='cuda:0')"
50,"tensor(0.3983, device='cuda:0')","tensor(0.5799, device='cuda:0')","tensor(0.5745, device='cuda:0')","tensor(86.4556, device='cuda:0')","tensor(80.4000, device='cuda:0')","tensor(80.6900, device='cuda:0')","tensor(99.5222, device='cuda:0')","tensor(98.8000, device='cuda:0')","tensor(98.8600, device='cuda:0')",48,"tensor(82.2200, device='cuda:0')",48,"tensor(81.8400, device='cuda:0')"
51,"tensor(0.3842, device='cuda:0')","tensor(0.5703, device='cuda:0')","tensor(0.5826, device='cuda:0')","tensor(86.8156, device='cuda:0')","tensor(81.3400, device='cuda:0')","tensor(80.6800, device='cuda:0')","tensor(99.5711, device='cuda:0')","tensor(98.9600, device='cuda:0')","tensor(98.9900, device='cuda:0')",48,"tensor(82.2200, device='cuda:0')",48,"tensor(81.8400, device='cuda:0')"
52,"tensor(0.3776, device='cuda:0')","tensor(0.5523, device='cuda:0')","tensor(0.5395, device='cuda:0')","tensor(87.0978, device='cuda:0')","tensor(81.5000, device='cuda:0')","tensor(82.0700, device='cuda:0')","tensor(99.5911, device='cuda:0')","tensor(98.7400, device='cuda:0')","tensor(98.8000, device='cuda:0')",48,"tensor(82.2200, device='cuda:0')",52,"tensor(82.0700, device='cuda:0')"
53,"tensor(0.3728, device='cuda:0')","tensor(0.5339, device='cuda:0')","tensor(0.5293, device='cuda:0')","tensor(87.2356, device='cuda:0')","tensor(81.8600, device='cuda:0')","tensor(82.2900, device='cuda:0')","tensor(99.6378, device='cuda:0')","tensor(99.1400, device='cuda:0')","tensor(99.1100, device='cuda:0')",48,"tensor(82.2200, device='cuda:0')",53,"tensor(82.2900, device='cuda:0')"
54,"tensor(0.3607, device='cuda:0')","tensor(0.4499, device='cuda:0')","tensor(0.4572, device='cuda:0')","tensor(87.6022, device='cuda:0')","tensor(84.8800, device='cuda:0')","tensor(84.5900, device='cuda:0')","tensor(99.6667, device='cuda:0')","tensor(99.5000, device='cuda:0')","tensor(99.4400, device='cuda:0')",54,"tensor(84.8800, device='cuda:0')",54,"tensor(84.5900, device='cuda:0')"
55,"tensor(0.3535, device='cuda:0')","tensor(0.4207, device='cuda:0')","tensor(0.4258, device='cuda:0')","tensor(88.0333, device='cuda:0')","tensor(86.0600, device='cuda:0')","tensor(85.4200, device='cuda:0')","tensor(99.6444, device='cuda:0')","tensor(99.6200, device='cuda:0')","tensor(99.4800, device='cuda:0')",55,"tensor(86.0600, device='cuda:0')",55,"tensor(85.4200, device='cuda:0')"
56,"tensor(0.3440, device='cuda:0')","tensor(0.4686, device='cuda:0')","tensor(0.4701, device='cuda:0')","tensor(88.1178, device='cuda:0')","tensor(84.5400, device='cuda:0')","tensor(84.6300, device='cuda:0')","tensor(99.6600, device='cuda:0')","tensor(99.1600, device='cuda:0')","tensor(98.9600, device='cuda:0')",55,"tensor(86.0600, device='cuda:0')",55,"tensor(85.4200, device='cuda:0')"
57,"tensor(0.3371, device='cuda:0')","tensor(0.4637, device='cuda:0')","tensor(0.4778, device='cuda:0')","tensor(88.5111, device='cuda:0')","tensor(84.2200, device='cuda:0')","tensor(84.4200, device='cuda:0')","tensor(99.6978, device='cuda:0')","tensor(99.3600, device='cuda:0')","tensor(99.1300, device='cuda:0')",55,"tensor(86.0600, device='cuda:0')",55,"tensor(85.4200, device='cuda:0')"
58,"tensor(0.3253, device='cuda:0')","tensor(0.5217, device='cuda:0')","tensor(0.5253, device='cuda:0')","tensor(88.9533, device='cuda:0')","tensor(82.8400, device='cuda:0')","tensor(82.4900, device='cuda:0')","tensor(99.7333, device='cuda:0')","tensor(99.2600, device='cuda:0')","tensor(99.3300, device='cuda:0')",55,"tensor(86.0600, device='cuda:0')",55,"tensor(85.4200, device='cuda:0')"
59,"tensor(0.3180, device='cuda:0')","tensor(0.4379, device='cuda:0')","tensor(0.4432, device='cuda:0')","tensor(89.1844, device='cuda:0')","tensor(85.5000, device='cuda:0')","tensor(85.0700, device='cuda:0')","tensor(99.7067, device='cuda:0')","tensor(99.3400, device='cuda:0')","tensor(99.3200, device='cuda:0')",55,"tensor(86.0600, device='cuda:0')",55,"tensor(85.4200, device='cuda:0')"
60,"tensor(0.3102, device='cuda:0')","tensor(0.4107, device='cuda:0')","tensor(0.4397, device='cuda:0')","tensor(89.4133, device='cuda:0')","tensor(86.2200, device='cuda:0')","tensor(85.2000, device='cuda:0')","tensor(99.7400, device='cuda:0')","tensor(99.4600, device='cuda:0')","tensor(99.4600, device='cuda:0')",60,"tensor(86.2200, device='cuda:0')",55,"tensor(85.4200, device='cuda:0')"
61,"tensor(0.3029, device='cuda:0')","tensor(0.4048, device='cuda:0')","tensor(0.4091, device='cuda:0')","tensor(89.6556, device='cuda:0')","tensor(85.8600, device='cuda:0')","tensor(86.0600, device='cuda:0')","tensor(99.7489, device='cuda:0')","tensor(99.6400, device='cuda:0')","tensor(99.5700, device='cuda:0')",60,"tensor(86.2200, device='cuda:0')",61,"tensor(86.0600, device='cuda:0')"
62,"tensor(0.2943, device='cuda:0')","tensor(0.3966, device='cuda:0')","tensor(0.3926, device='cuda:0')","tensor(89.9422, device='cuda:0')","tensor(86.5200, device='cuda:0')","tensor(86.5400, device='cuda:0')","tensor(99.7600, device='cuda:0')","tensor(99.5400, device='cuda:0')","tensor(99.4100, device='cuda:0')",62,"tensor(86.5200, device='cuda:0')",62,"tensor(86.5400, device='cuda:0')"
63,"tensor(0.2887, device='cuda:0')","tensor(0.4763, device='cuda:0')","tensor(0.4888, device='cuda:0')","tensor(90.2089, device='cuda:0')","tensor(83.9800, device='cuda:0')","tensor(84.0200, device='cuda:0')","tensor(99.7533, device='cuda:0')","tensor(99.2400, device='cuda:0')","tensor(99.2400, device='cuda:0')",62,"tensor(86.5200, device='cuda:0')",62,"tensor(86.5400, device='cuda:0')"
64,"tensor(0.2802, device='cuda:0')","tensor(0.4198, device='cuda:0')","tensor(0.4300, device='cuda:0')","tensor(90.3333, device='cuda:0')","tensor(86.5800, device='cuda:0')","tensor(85.8900, device='cuda:0')","tensor(99.8000, device='cuda:0')","tensor(99.5200, device='cuda:0')","tensor(99.4500, device='cuda:0')",64,"tensor(86.5800, device='cuda:0')",62,"tensor(86.5400, device='cuda:0')"
65,"tensor(0.2650, device='cuda:0')","tensor(0.3691, device='cuda:0')","tensor(0.3866, device='cuda:0')","tensor(90.8133, device='cuda:0')","tensor(87.4800, device='cuda:0')","tensor(87.1100, device='cuda:0')","tensor(99.8044, device='cuda:0')","tensor(99.5200, device='cuda:0')","tensor(99.6000, device='cuda:0')",65,"tensor(87.4800, device='cuda:0')",65,"tensor(87.1100, device='cuda:0')"
66,"tensor(0.2650, device='cuda:0')","tensor(0.4140, device='cuda:0')","tensor(0.4264, device='cuda:0')","tensor(90.9133, device='cuda:0')","tensor(86.0200, device='cuda:0')","tensor(85.5800, device='cuda:0')","tensor(99.7867, device='cuda:0')","tensor(99.4800, device='cuda:0')","tensor(99.3800, device='cuda:0')",65,"tensor(87.4800, device='cuda:0')",65,"tensor(87.1100, device='cuda:0')"
67,"tensor(0.2568, device='cuda:0')","tensor(0.4343, device='cuda:0')","tensor(0.4247, device='cuda:0')","tensor(91.1244, device='cuda:0')","tensor(85.8600, device='cuda:0')","tensor(85.9200, device='cuda:0')","tensor(99.8578, device='cuda:0')","tensor(99.4000, device='cuda:0')","tensor(99.3900, device='cuda:0')",65,"tensor(87.4800, device='cuda:0')",65,"tensor(87.1100, device='cuda:0')"
68,"tensor(0.2484, device='cuda:0')","tensor(0.4324, device='cuda:0')","tensor(0.4405, device='cuda:0')","tensor(91.3822, device='cuda:0')","tensor(85.7400, device='cuda:0')","tensor(85.7000, device='cuda:0')","tensor(99.8689, device='cuda:0')","tensor(99.4000, device='cuda:0')","tensor(99.2700, device='cuda:0')",65,"tensor(87.4800, device='cuda:0')",65,"tensor(87.1100, device='cuda:0')"
69,"tensor(0.2447, device='cuda:0')","tensor(0.4037, device='cuda:0')","tensor(0.4092, device='cuda:0')","tensor(91.6578, device='cuda:0')","tensor(86.5000, device='cuda:0')","tensor(86.7400, device='cuda:0')","tensor(99.8511, device='cuda:0')","tensor(99.6000, device='cuda:0')","tensor(99.4400, device='cuda:0')",65,"tensor(87.4800, device='cuda:0')",65,"tensor(87.1100, device='cuda:0')"
70,"tensor(0.2377, device='cuda:0')","tensor(0.3788, device='cuda:0')","tensor(0.4020, device='cuda:0')","tensor(91.8800, device='cuda:0')","tensor(87.0200, device='cuda:0')","tensor(86.9900, device='cuda:0')","tensor(99.8467, device='cuda:0')","tensor(99.6600, device='cuda:0')","tensor(99.5300, device='cuda:0')",65,"tensor(87.4800, device='cuda:0')",65,"tensor(87.1100, device='cuda:0')"
71,"tensor(0.2297, device='cuda:0')","tensor(0.3887, device='cuda:0')","tensor(0.4152, device='cuda:0')","tensor(92.1267, device='cuda:0')","tensor(87.9800, device='cuda:0')","tensor(86.6700, device='cuda:0')","tensor(99.8933, device='cuda:0')","tensor(99.5400, device='cuda:0')","tensor(99.4800, device='cuda:0')",71,"tensor(87.9800, device='cuda:0')",65,"tensor(87.1100, device='cuda:0')"
72,"tensor(0.2316, device='cuda:0')","tensor(0.3885, device='cuda:0')","tensor(0.4126, device='cuda:0')","tensor(92.0956, device='cuda:0')","tensor(87.8800, device='cuda:0')","tensor(86.6200, device='cuda:0')","tensor(99.8511, device='cuda:0')","tensor(99.6200, device='cuda:0')","tensor(99.4900, device='cuda:0')",71,"tensor(87.9800, device='cuda:0')",65,"tensor(87.1100, device='cuda:0')"
73,"tensor(0.2228, device='cuda:0')","tensor(0.3950, device='cuda:0')","tensor(0.3880, device='cuda:0')","tensor(92.3578, device='cuda:0')","tensor(87.8200, device='cuda:0')","tensor(87.7800, device='cuda:0')","tensor(99.8622, device='cuda:0')","tensor(99.6200, device='cuda:0')","tensor(99.4500, device='cuda:0')",71,"tensor(87.9800, device='cuda:0')",73,"tensor(87.7800, device='cuda:0')"
74,"tensor(0.2171, device='cuda:0')","tensor(0.3652, device='cuda:0')","tensor(0.3760, device='cuda:0')","tensor(92.5489, device='cuda:0')","tensor(88.1200, device='cuda:0')","tensor(87.5900, device='cuda:0')","tensor(99.8933, device='cuda:0')","tensor(99.5400, device='cuda:0')","tensor(99.5500, device='cuda:0')",74,"tensor(88.1200, device='cuda:0')",73,"tensor(87.7800, device='cuda:0')"
75,"tensor(0.2102, device='cuda:0')","tensor(0.3590, device='cuda:0')","tensor(0.3757, device='cuda:0')","tensor(92.7444, device='cuda:0')","tensor(88.6400, device='cuda:0')","tensor(87.8700, device='cuda:0')","tensor(99.8889, device='cuda:0')","tensor(99.6200, device='cuda:0')","tensor(99.5900, device='cuda:0')",75,"tensor(88.6400, device='cuda:0')",75,"tensor(87.8700, device='cuda:0')"
76,"tensor(0.2026, device='cuda:0')","tensor(0.3779, device='cuda:0')","tensor(0.3881, device='cuda:0')","tensor(93.1111, device='cuda:0')","tensor(88.3600, device='cuda:0')","tensor(87.5100, device='cuda:0')","tensor(99.9089, device='cuda:0')","tensor(99.4800, device='cuda:0')","tensor(99.6000, device='cuda:0')",75,"tensor(88.6400, device='cuda:0')",75,"tensor(87.8700, device='cuda:0')"
77,"tensor(0.1994, device='cuda:0')","tensor(0.3594, device='cuda:0')","tensor(0.3653, device='cuda:0')","tensor(93.2222, device='cuda:0')","tensor(88.6400, device='cuda:0')","tensor(88.3200, device='cuda:0')","tensor(99.9111, device='cuda:0')","tensor(99.6600, device='cuda:0')","tensor(99.5900, device='cuda:0')",75,"tensor(88.6400, device='cuda:0')",77,"tensor(88.3200, device='cuda:0')"
78,"tensor(0.1921, device='cuda:0')","tensor(0.3613, device='cuda:0')","tensor(0.3841, device='cuda:0')","tensor(93.3244, device='cuda:0')","tensor(88.1600, device='cuda:0')","tensor(87.2900, device='cuda:0')","tensor(99.9311, device='cuda:0')","tensor(99.6200, device='cuda:0')","tensor(99.5300, device='cuda:0')",75,"tensor(88.6400, device='cuda:0')",77,"tensor(88.3200, device='cuda:0')"
79,"tensor(0.1878, device='cuda:0')","tensor(0.3966, device='cuda:0')","tensor(0.3902, device='cuda:0')","tensor(93.6511, device='cuda:0')","tensor(87.8800, device='cuda:0')","tensor(87.3900, device='cuda:0')","tensor(99.9289, device='cuda:0')","tensor(99.4400, device='cuda:0')","tensor(99.4400, device='cuda:0')",75,"tensor(88.6400, device='cuda:0')",77,"tensor(88.3200, device='cuda:0')"
80,"tensor(0.1813, device='cuda:0')","tensor(0.3905, device='cuda:0')","tensor(0.3908, device='cuda:0')","tensor(93.6978, device='cuda:0')","tensor(88.0400, device='cuda:0')","tensor(87.4400, device='cuda:0')","tensor(99.9378, device='cuda:0')","tensor(99.5800, device='cuda:0')","tensor(99.5600, device='cuda:0')",75,"tensor(88.6400, device='cuda:0')",77,"tensor(88.3200, device='cuda:0')"
81,"tensor(0.1818, device='cuda:0')","tensor(0.3721, device='cuda:0')","tensor(0.3660, device='cuda:0')","tensor(93.6156, device='cuda:0')","tensor(88.2600, device='cuda:0')","tensor(88.0300, device='cuda:0')","tensor(99.9356, device='cuda:0')","tensor(99.5800, device='cuda:0')","tensor(99.5900, device='cuda:0')",75,"tensor(88.6400, device='cuda:0')",77,"tensor(88.3200, device='cuda:0')"
82,"tensor(0.1721, device='cuda:0')","tensor(0.3914, device='cuda:0')","tensor(0.3800, device='cuda:0')","tensor(94.0911, device='cuda:0')","tensor(87.5200, device='cuda:0')","tensor(88.1500, device='cuda:0')","tensor(99.9444, device='cuda:0')","tensor(99.5000, device='cuda:0')","tensor(99.4400, device='cuda:0')",75,"tensor(88.6400, device='cuda:0')",77,"tensor(88.3200, device='cuda:0')"
83,"tensor(0.1680, device='cuda:0')","tensor(0.3743, device='cuda:0')","tensor(0.3846, device='cuda:0')","tensor(94.1400, device='cuda:0')","tensor(88.3400, device='cuda:0')","tensor(88.3300, device='cuda:0')","tensor(99.9356, device='cuda:0')","tensor(99.4800, device='cuda:0')","tensor(99.4800, device='cuda:0')",75,"tensor(88.6400, device='cuda:0')",83,"tensor(88.3300, device='cuda:0')"
84,"tensor(0.1680, device='cuda:0')","tensor(0.3839, device='cuda:0')","tensor(0.3917, device='cuda:0')","tensor(94.1556, device='cuda:0')","tensor(88.2800, device='cuda:0')","tensor(88.2200, device='cuda:0')","tensor(99.9356, device='cuda:0')","tensor(99.5400, device='cuda:0')","tensor(99.5300, device='cuda:0')",75,"tensor(88.6400, device='cuda:0')",83,"tensor(88.3300, device='cuda:0')"
85,"tensor(0.1607, device='cuda:0')","tensor(0.3636, device='cuda:0')","tensor(0.3560, device='cuda:0')","tensor(94.4600, device='cuda:0')","tensor(88.7800, device='cuda:0')","tensor(88.9600, device='cuda:0')","tensor(99.9311, device='cuda:0')","tensor(99.6400, device='cuda:0')","tensor(99.5500, device='cuda:0')",85,"tensor(88.7800, device='cuda:0')",85,"tensor(88.9600, device='cuda:0')"
86,"tensor(0.1595, device='cuda:0')","tensor(0.3517, device='cuda:0')","tensor(0.3647, device='cuda:0')","tensor(94.5111, device='cuda:0')","tensor(89., device='cuda:0')","tensor(88.5300, device='cuda:0')","tensor(99.9556, device='cuda:0')","tensor(99.6600, device='cuda:0')","tensor(99.4900, device='cuda:0')",86,"tensor(89., device='cuda:0')",85,"tensor(88.9600, device='cuda:0')"
87,"tensor(0.1522, device='cuda:0')","tensor(0.3546, device='cuda:0')","tensor(0.3729, device='cuda:0')","tensor(94.8044, device='cuda:0')","tensor(88.7800, device='cuda:0')","tensor(88.4100, device='cuda:0')","tensor(99.9778, device='cuda:0')","tensor(99.6400, device='cuda:0')","tensor(99.5200, device='cuda:0')",86,"tensor(89., device='cuda:0')",85,"tensor(88.9600, device='cuda:0')"
88,"tensor(0.1524, device='cuda:0')","tensor(0.3784, device='cuda:0')","tensor(0.3817, device='cuda:0')","tensor(94.8133, device='cuda:0')","tensor(88.1600, device='cuda:0')","tensor(88.1400, device='cuda:0')","tensor(99.9644, device='cuda:0')","tensor(99.5400, device='cuda:0')","tensor(99.6500, device='cuda:0')",86,"tensor(89., device='cuda:0')",85,"tensor(88.9600, device='cuda:0')"
89,"tensor(0.1452, device='cuda:0')","tensor(0.3530, device='cuda:0')","tensor(0.3481, device='cuda:0')","tensor(94.9889, device='cuda:0')","tensor(89.2200, device='cuda:0')","tensor(89.2000, device='cuda:0')","tensor(99.9533, device='cuda:0')","tensor(99.6800, device='cuda:0')","tensor(99.5300, device='cuda:0')",89,"tensor(89.2200, device='cuda:0')",89,"tensor(89.2000, device='cuda:0')"
90,"tensor(0.1426, device='cuda:0')","tensor(0.3326, device='cuda:0')","tensor(0.3531, device='cuda:0')","tensor(95.0867, device='cuda:0')","tensor(89.4000, device='cuda:0')","tensor(89.3400, device='cuda:0')","tensor(99.9800, device='cuda:0')","tensor(99.6000, device='cuda:0')","tensor(99.5100, device='cuda:0')",90,"tensor(89.4000, device='cuda:0')",90,"tensor(89.3400, device='cuda:0')"
91,"tensor(0.1412, device='cuda:0')","tensor(0.3463, device='cuda:0')","tensor(0.3617, device='cuda:0')","tensor(95.1356, device='cuda:0')","tensor(89.7600, device='cuda:0')","tensor(89.0100, device='cuda:0')","tensor(99.9622, device='cuda:0')","tensor(99.5600, device='cuda:0')","tensor(99.4900, device='cuda:0')",91,"tensor(89.7600, device='cuda:0')",90,"tensor(89.3400, device='cuda:0')"
92,"tensor(0.1363, device='cuda:0')","tensor(0.3630, device='cuda:0')","tensor(0.3816, device='cuda:0')","tensor(95.2222, device='cuda:0')","tensor(89.2800, device='cuda:0')","tensor(88.4900, device='cuda:0')","tensor(99.9844, device='cuda:0')","tensor(99.5800, device='cuda:0')","tensor(99.5400, device='cuda:0')",91,"tensor(89.7600, device='cuda:0')",90,"tensor(89.3400, device='cuda:0')"
93,"tensor(0.1277, device='cuda:0')","tensor(0.3778, device='cuda:0')","tensor(0.3895, device='cuda:0')","tensor(95.6644, device='cuda:0')","tensor(88.2600, device='cuda:0')","tensor(88.5500, device='cuda:0')","tensor(99.9800, device='cuda:0')","tensor(99.7000, device='cuda:0')","tensor(99.5200, device='cuda:0')",91,"tensor(89.7600, device='cuda:0')",90,"tensor(89.3400, device='cuda:0')"
94,"tensor(0.1281, device='cuda:0')","tensor(0.3707, device='cuda:0')","tensor(0.3886, device='cuda:0')","tensor(95.4667, device='cuda:0')","tensor(89.1000, device='cuda:0')","tensor(88.6700, device='cuda:0')","tensor(99.9778, device='cuda:0')","tensor(99.6400, device='cuda:0')","tensor(99.4200, device='cuda:0')",91,"tensor(89.7600, device='cuda:0')",90,"tensor(89.3400, device='cuda:0')"
95,"tensor(0.1281, device='cuda:0')","tensor(0.3454, device='cuda:0')","tensor(0.3676, device='cuda:0')","tensor(95.5756, device='cuda:0')","tensor(89.3800, device='cuda:0')","tensor(88.8400, device='cuda:0')","tensor(99.9756, device='cuda:0')","tensor(99.5400, device='cuda:0')","tensor(99.5000, device='cuda:0')",91,"tensor(89.7600, device='cuda:0')",90,"tensor(89.3400, device='cuda:0')"
96,"tensor(0.1252, device='cuda:0')","tensor(0.3409, device='cuda:0')","tensor(0.3570, device='cuda:0')","tensor(95.8444, device='cuda:0')","tensor(89.6600, device='cuda:0')","tensor(89.4000, device='cuda:0')","tensor(99.9689, device='cuda:0')","tensor(99.6600, device='cuda:0')","tensor(99.5800, device='cuda:0')",91,"tensor(89.7600, device='cuda:0')",96,"tensor(89.4000, device='cuda:0')"
97,"tensor(0.1239, device='cuda:0')","tensor(0.3588, device='cuda:0')","tensor(0.3773, device='cuda:0')","tensor(95.7533, device='cuda:0')","tensor(88.8400, device='cuda:0')","tensor(88.5300, device='cuda:0')","tensor(99.9733, device='cuda:0')","tensor(99.5600, device='cuda:0')","tensor(99.5200, device='cuda:0')",91,"tensor(89.7600, device='cuda:0')",96,"tensor(89.4000, device='cuda:0')"
98,"tensor(0.1190, device='cuda:0')","tensor(0.3617, device='cuda:0')","tensor(0.3673, device='cuda:0')","tensor(95.8556, device='cuda:0')","tensor(89.6600, device='cuda:0')","tensor(89.2800, device='cuda:0')","tensor(99.9756, device='cuda:0')","tensor(99.6600, device='cuda:0')","tensor(99.5300, device='cuda:0')",91,"tensor(89.7600, device='cuda:0')",96,"tensor(89.4000, device='cuda:0')"
99,"tensor(0.1190, device='cuda:0')","tensor(0.3322, device='cuda:0')","tensor(0.3456, device='cuda:0')","tensor(95.8600, device='cuda:0')","tensor(89.9600, device='cuda:0')","tensor(89.3300, device='cuda:0')","tensor(99.9711, device='cuda:0')","tensor(99.6000, device='cuda:0')","tensor(99.6400, device='cuda:0')",99,"tensor(89.9600, device='cuda:0')",96,"tensor(89.4000, device='cuda:0')"
100,"tensor(0.1131, device='cuda:0')","tensor(0.3663, device='cuda:0')","tensor(0.3833, device='cuda:0')","tensor(96.0933, device='cuda:0')","tensor(89.2000, device='cuda:0')","tensor(88.9000, device='cuda:0')","tensor(99.9711, device='cuda:0')","tensor(99.6200, device='cuda:0')","tensor(99.5500, device='cuda:0')",99,"tensor(89.9600, device='cuda:0')",96,"tensor(89.4000, device='cuda:0')"
101,"tensor(0.1115, device='cuda:0')","tensor(0.3519, device='cuda:0')","tensor(0.3643, device='cuda:0')","tensor(96.1822, device='cuda:0')","tensor(89.8600, device='cuda:0')","tensor(89.3700, device='cuda:0')","tensor(99.9756, device='cuda:0')","tensor(99.6800, device='cuda:0')","tensor(99.6200, device='cuda:0')",99,"tensor(89.9600, device='cuda:0')",96,"tensor(89.4000, device='cuda:0')"
102,"tensor(0.1092, device='cuda:0')","tensor(0.3594, device='cuda:0')","tensor(0.3662, device='cuda:0')","tensor(96.2356, device='cuda:0')","tensor(89.7400, device='cuda:0')","tensor(89.5000, device='cuda:0')","tensor(99.9800, device='cuda:0')","tensor(99.6000, device='cuda:0')","tensor(99.5300, device='cuda:0')",99,"tensor(89.9600, device='cuda:0')",102,"tensor(89.5000, device='cuda:0')"
103,"tensor(0.1120, device='cuda:0')","tensor(0.3765, device='cuda:0')","tensor(0.3769, device='cuda:0')","tensor(96.1822, device='cuda:0')","tensor(89.1400, device='cuda:0')","tensor(89.0700, device='cuda:0')","tensor(99.9956, device='cuda:0')","tensor(99.7000, device='cuda:0')","tensor(99.6200, device='cuda:0')",99,"tensor(89.9600, device='cuda:0')",102,"tensor(89.5000, device='cuda:0')"
104,"tensor(0.1050, device='cuda:0')","tensor(0.3537, device='cuda:0')","tensor(0.3637, device='cuda:0')","tensor(96.4444, device='cuda:0')","tensor(89.6600, device='cuda:0')","tensor(89.6200, device='cuda:0')","tensor(99.9867, device='cuda:0')","tensor(99.7200, device='cuda:0')","tensor(99.5100, device='cuda:0')",99,"tensor(89.9600, device='cuda:0')",104,"tensor(89.6200, device='cuda:0')"
105,"tensor(0.1055, device='cuda:0')","tensor(0.3476, device='cuda:0')","tensor(0.3730, device='cuda:0')","tensor(96.3933, device='cuda:0')","tensor(90.0200, device='cuda:0')","tensor(88.8600, device='cuda:0')","tensor(99.9822, device='cuda:0')","tensor(99.5800, device='cuda:0')","tensor(99.6200, device='cuda:0')",105,"tensor(90.0200, device='cuda:0')",104,"tensor(89.6200, device='cuda:0')"
106,"tensor(0.1045, device='cuda:0')","tensor(0.3658, device='cuda:0')","tensor(0.3661, device='cuda:0')","tensor(96.4511, device='cuda:0')","tensor(89.5000, device='cuda:0')","tensor(89.2700, device='cuda:0')","tensor(99.9822, device='cuda:0')","tensor(99.6000, device='cuda:0')","tensor(99.5700, device='cuda:0')",105,"tensor(90.0200, device='cuda:0')",104,"tensor(89.6200, device='cuda:0')"
107,"tensor(0.0985, device='cuda:0')","tensor(0.3583, device='cuda:0')","tensor(0.3661, device='cuda:0')","tensor(96.6556, device='cuda:0')","tensor(89.5000, device='cuda:0')","tensor(89.4200, device='cuda:0')","tensor(99.9756, device='cuda:0')","tensor(99.5800, device='cuda:0')","tensor(99.5400, device='cuda:0')",105,"tensor(90.0200, device='cuda:0')",104,"tensor(89.6200, device='cuda:0')"
108,"tensor(0.0996, device='cuda:0')","tensor(0.3452, device='cuda:0')","tensor(0.3626, device='cuda:0')","tensor(96.5244, device='cuda:0')","tensor(90.1600, device='cuda:0')","tensor(89.4600, device='cuda:0')","tensor(99.9867, device='cuda:0')","tensor(99.7200, device='cuda:0')","tensor(99.5200, device='cuda:0')",108,"tensor(90.1600, device='cuda:0')",104,"tensor(89.6200, device='cuda:0')"
109,"tensor(0.0963, device='cuda:0')","tensor(0.3379, device='cuda:0')","tensor(0.3537, device='cuda:0')","tensor(96.6911, device='cuda:0')","tensor(90.0800, device='cuda:0')","tensor(89.9200, device='cuda:0')","tensor(99.9956, device='cuda:0')","tensor(99.7600, device='cuda:0')","tensor(99.5500, device='cuda:0')",108,"tensor(90.1600, device='cuda:0')",109,"tensor(89.9200, device='cuda:0')"
110,"tensor(0.0957, device='cuda:0')","tensor(0.3618, device='cuda:0')","tensor(0.3716, device='cuda:0')","tensor(96.7889, device='cuda:0')","tensor(90.0600, device='cuda:0')","tensor(89.4900, device='cuda:0')","tensor(99.9867, device='cuda:0')","tensor(99.5600, device='cuda:0')","tensor(99.5300, device='cuda:0')",108,"tensor(90.1600, device='cuda:0')",109,"tensor(89.9200, device='cuda:0')"
111,"tensor(0.0905, device='cuda:0')","tensor(0.3732, device='cuda:0')","tensor(0.3769, device='cuda:0')","tensor(96.9000, device='cuda:0')","tensor(89.3200, device='cuda:0')","tensor(89.6100, device='cuda:0')","tensor(99.9956, device='cuda:0')","tensor(99.7400, device='cuda:0')","tensor(99.5800, device='cuda:0')",108,"tensor(90.1600, device='cuda:0')",109,"tensor(89.9200, device='cuda:0')"
112,"tensor(0.0936, device='cuda:0')","tensor(0.3439, device='cuda:0')","tensor(0.3564, device='cuda:0')","tensor(96.8133, device='cuda:0')","tensor(89.8600, device='cuda:0')","tensor(89.6200, device='cuda:0')","tensor(99.9889, device='cuda:0')","tensor(99.6400, device='cuda:0')","tensor(99.5700, device='cuda:0')",108,"tensor(90.1600, device='cuda:0')",109,"tensor(89.9200, device='cuda:0')"
113,"tensor(0.0881, device='cuda:0')","tensor(0.3535, device='cuda:0')","tensor(0.3799, device='cuda:0')","tensor(96.9533, device='cuda:0')","tensor(90., device='cuda:0')","tensor(89.3700, device='cuda:0')","tensor(99.9889, device='cuda:0')","tensor(99.6800, device='cuda:0')","tensor(99.5700, device='cuda:0')",108,"tensor(90.1600, device='cuda:0')",109,"tensor(89.9200, device='cuda:0')"
114,"tensor(0.0882, device='cuda:0')","tensor(0.3484, device='cuda:0')","tensor(0.3674, device='cuda:0')","tensor(96.9289, device='cuda:0')","tensor(89.8800, device='cuda:0')","tensor(89.6700, device='cuda:0')","tensor(99.9867, device='cuda:0')","tensor(99.6200, device='cuda:0')","tensor(99.6200, device='cuda:0')",108,"tensor(90.1600, device='cuda:0')",109,"tensor(89.9200, device='cuda:0')"
115,"tensor(0.0871, device='cuda:0')","tensor(0.3486, device='cuda:0')","tensor(0.3663, device='cuda:0')","tensor(96.8778, device='cuda:0')","tensor(90.0400, device='cuda:0')","tensor(89.8100, device='cuda:0')","tensor(99.9911, device='cuda:0')","tensor(99.7200, device='cuda:0')","tensor(99.4500, device='cuda:0')",108,"tensor(90.1600, device='cuda:0')",109,"tensor(89.9200, device='cuda:0')"
116,"tensor(0.0825, device='cuda:0')","tensor(0.3563, device='cuda:0')","tensor(0.3638, device='cuda:0')","tensor(97.1978, device='cuda:0')","tensor(90.0600, device='cuda:0')","tensor(89.6600, device='cuda:0')","tensor(99.9911, device='cuda:0')","tensor(99.6000, device='cuda:0')","tensor(99.5700, device='cuda:0')",108,"tensor(90.1600, device='cuda:0')",109,"tensor(89.9200, device='cuda:0')"
117,"tensor(0.0831, device='cuda:0')","tensor(0.3526, device='cuda:0')","tensor(0.3639, device='cuda:0')","tensor(97.1311, device='cuda:0')","tensor(90.0400, device='cuda:0')","tensor(89.6400, device='cuda:0')","tensor(99.9844, device='cuda:0')","tensor(99.6000, device='cuda:0')","tensor(99.6600, device='cuda:0')",108,"tensor(90.1600, device='cuda:0')",109,"tensor(89.9200, device='cuda:0')"
118,"tensor(0.0859, device='cuda:0')","tensor(0.3706, device='cuda:0')","tensor(0.3707, device='cuda:0')","tensor(97.0600, device='cuda:0')","tensor(89.5400, device='cuda:0')","tensor(89.5400, device='cuda:0')","tensor(99.9911, device='cuda:0')","tensor(99.6600, device='cuda:0')","tensor(99.5400, device='cuda:0')",108,"tensor(90.1600, device='cuda:0')",109,"tensor(89.9200, device='cuda:0')"
119,"tensor(0.0820, device='cuda:0')","tensor(0.3424, device='cuda:0')","tensor(0.3650, device='cuda:0')","tensor(97.2111, device='cuda:0')","tensor(90.5000, device='cuda:0')","tensor(89.9600, device='cuda:0')","tensor(99.9956, device='cuda:0')","tensor(99.7800, device='cuda:0')","tensor(99.6600, device='cuda:0')",119,"tensor(90.5000, device='cuda:0')",119,"tensor(89.9600, device='cuda:0')"
120,"tensor(0.0789, device='cuda:0')","tensor(0.3450, device='cuda:0')","tensor(0.3703, device='cuda:0')","tensor(97.3178, device='cuda:0')","tensor(90.5000, device='cuda:0')","tensor(89.8100, device='cuda:0')","tensor(99.9933, device='cuda:0')","tensor(99.5600, device='cuda:0')","tensor(99.5300, device='cuda:0')",119,"tensor(90.5000, device='cuda:0')",119,"tensor(89.9600, device='cuda:0')"
121,"tensor(0.0777, device='cuda:0')","tensor(0.3609, device='cuda:0')","tensor(0.3756, device='cuda:0')","tensor(97.2578, device='cuda:0')","tensor(89.6800, device='cuda:0')","tensor(89.6600, device='cuda:0')","tensor(99.9933, device='cuda:0')","tensor(99.5800, device='cuda:0')","tensor(99.5800, device='cuda:0')",119,"tensor(90.5000, device='cuda:0')",119,"tensor(89.9600, device='cuda:0')"
122,"tensor(0.0784, device='cuda:0')","tensor(0.3565, device='cuda:0')","tensor(0.3782, device='cuda:0')","tensor(97.2200, device='cuda:0')","tensor(90.2000, device='cuda:0')","tensor(89.5700, device='cuda:0')","tensor(99.9889, device='cuda:0')","tensor(99.6200, device='cuda:0')","tensor(99.5100, device='cuda:0')",119,"tensor(90.5000, device='cuda:0')",119,"tensor(89.9600, device='cuda:0')"
123,"tensor(0.0745, device='cuda:0')","tensor(0.3413, device='cuda:0')","tensor(0.3646, device='cuda:0')","tensor(97.5378, device='cuda:0')","tensor(90.4200, device='cuda:0')","tensor(89.7900, device='cuda:0')","tensor(99.9933, device='cuda:0')","tensor(99.7400, device='cuda:0')","tensor(99.5900, device='cuda:0')",119,"tensor(90.5000, device='cuda:0')",119,"tensor(89.9600, device='cuda:0')"
124,"tensor(0.0791, device='cuda:0')","tensor(0.3504, device='cuda:0')","tensor(0.3533, device='cuda:0')","tensor(97.3089, device='cuda:0')","tensor(90.3400, device='cuda:0')","tensor(89.9200, device='cuda:0')","tensor(99.9911, device='cuda:0')","tensor(99.5800, device='cuda:0')","tensor(99.6500, device='cuda:0')",119,"tensor(90.5000, device='cuda:0')",119,"tensor(89.9600, device='cuda:0')"
125,"tensor(0.0752, device='cuda:0')","tensor(0.3521, device='cuda:0')","tensor(0.3580, device='cuda:0')","tensor(97.3844, device='cuda:0')","tensor(90.0800, device='cuda:0')","tensor(90.1300, device='cuda:0')","tensor(99.9889, device='cuda:0')","tensor(99.7000, device='cuda:0')","tensor(99.5400, device='cuda:0')",119,"tensor(90.5000, device='cuda:0')",125,"tensor(90.1300, device='cuda:0')"
126,"tensor(0.0714, device='cuda:0')","tensor(0.3721, device='cuda:0')","tensor(0.3813, device='cuda:0')","tensor(97.5911, device='cuda:0')","tensor(90.0400, device='cuda:0')","tensor(89.5500, device='cuda:0')","tensor(99.9978, device='cuda:0')","tensor(99.7800, device='cuda:0')","tensor(99.5700, device='cuda:0')",119,"tensor(90.5000, device='cuda:0')",125,"tensor(90.1300, device='cuda:0')"
127,"tensor(0.0733, device='cuda:0')","tensor(0.3561, device='cuda:0')","tensor(0.3652, device='cuda:0')","tensor(97.4244, device='cuda:0')","tensor(90.2800, device='cuda:0')","tensor(89.9600, device='cuda:0')","tensor(99.9956, device='cuda:0')","tensor(99.6200, device='cuda:0')","tensor(99.5900, device='cuda:0')",119,"tensor(90.5000, device='cuda:0')",125,"tensor(90.1300, device='cuda:0')"
128,"tensor(0.0725, device='cuda:0')","tensor(0.3591, device='cuda:0')","tensor(0.3730, device='cuda:0')","tensor(97.5378, device='cuda:0')","tensor(90.1800, device='cuda:0')","tensor(89.8100, device='cuda:0')","tensor(99.9889, device='cuda:0')","tensor(99.6800, device='cuda:0')","tensor(99.6400, device='cuda:0')",119,"tensor(90.5000, device='cuda:0')",125,"tensor(90.1300, device='cuda:0')"
129,"tensor(0.0730, device='cuda:0')","tensor(0.3494, device='cuda:0')","tensor(0.3644, device='cuda:0')","tensor(97.4622, device='cuda:0')","tensor(90.0400, device='cuda:0')","tensor(89.9300, device='cuda:0')","tensor(99.9956, device='cuda:0')","tensor(99.6400, device='cuda:0')","tensor(99.5300, device='cuda:0')",119,"tensor(90.5000, device='cuda:0')",125,"tensor(90.1300, device='cuda:0')"
130,"tensor(0.0699, device='cuda:0')","tensor(0.3546, device='cuda:0')","tensor(0.3676, device='cuda:0')","tensor(97.6400, device='cuda:0')","tensor(90.2000, device='cuda:0')","tensor(89.9500, device='cuda:0')","tensor(99.9911, device='cuda:0')","tensor(99.7400, device='cuda:0')","tensor(99.6800, device='cuda:0')",119,"tensor(90.5000, device='cuda:0')",125,"tensor(90.1300, device='cuda:0')"
131,"tensor(0.0722, device='cuda:0')","tensor(0.3533, device='cuda:0')","tensor(0.3735, device='cuda:0')","tensor(97.5178, device='cuda:0')","tensor(90.2000, device='cuda:0')","tensor(89.9300, device='cuda:0')","tensor(99.9933, device='cuda:0')","tensor(99.6800, device='cuda:0')","tensor(99.5600, device='cuda:0')",119,"tensor(90.5000, device='cuda:0')",125,"tensor(90.1300, device='cuda:0')"
132,"tensor(0.0687, device='cuda:0')","tensor(0.3502, device='cuda:0')","tensor(0.3649, device='cuda:0')","tensor(97.7200, device='cuda:0')","tensor(90.5800, device='cuda:0')","tensor(90.0400, device='cuda:0')","tensor(99.9844, device='cuda:0')","tensor(99.6800, device='cuda:0')","tensor(99.6000, device='cuda:0')",132,"tensor(90.5800, device='cuda:0')",125,"tensor(90.1300, device='cuda:0')"
133,"tensor(0.0657, device='cuda:0')","tensor(0.3668, device='cuda:0')","tensor(0.3774, device='cuda:0')","tensor(97.7889, device='cuda:0')","tensor(90.6000, device='cuda:0')","tensor(89.8700, device='cuda:0')","tensor(99.9911, device='cuda:0')","tensor(99.5400, device='cuda:0')","tensor(99.5700, device='cuda:0')",133,"tensor(90.6000, device='cuda:0')",125,"tensor(90.1300, device='cuda:0')"
134,"tensor(0.0663, device='cuda:0')","tensor(0.3756, device='cuda:0')","tensor(0.3807, device='cuda:0')","tensor(97.7289, device='cuda:0')","tensor(90.0600, device='cuda:0')","tensor(89.6300, device='cuda:0')","tensor(100., device='cuda:0')","tensor(99.6600, device='cuda:0')","tensor(99.6400, device='cuda:0')",133,"tensor(90.6000, device='cuda:0')",125,"tensor(90.1300, device='cuda:0')"
135,"tensor(0.0639, device='cuda:0')","tensor(0.3515, device='cuda:0')","tensor(0.3690, device='cuda:0')","tensor(97.8200, device='cuda:0')","tensor(90.5600, device='cuda:0')","tensor(89.9400, device='cuda:0')","tensor(100., device='cuda:0')","tensor(99.6200, device='cuda:0')","tensor(99.5300, device='cuda:0')",133,"tensor(90.6000, device='cuda:0')",125,"tensor(90.1300, device='cuda:0')"
136,"tensor(0.0635, device='cuda:0')","tensor(0.3741, device='cuda:0')","tensor(0.3759, device='cuda:0')","tensor(97.7933, device='cuda:0')","tensor(90.0400, device='cuda:0')","tensor(90.0600, device='cuda:0')","tensor(99.9978, device='cuda:0')","tensor(99.6800, device='cuda:0')","tensor(99.5500, device='cuda:0')",133,"tensor(90.6000, device='cuda:0')",125,"tensor(90.1300, device='cuda:0')"
137,"tensor(0.0620, device='cuda:0')","tensor(0.3689, device='cuda:0')","tensor(0.3680, device='cuda:0')","tensor(97.8844, device='cuda:0')","tensor(90.5200, device='cuda:0')","tensor(90.2000, device='cuda:0')","tensor(99.9956, device='cuda:0')","tensor(99.5800, device='cuda:0')","tensor(99.5300, device='cuda:0')",133,"tensor(90.6000, device='cuda:0')",137,"tensor(90.2000, device='cuda:0')"
138,"tensor(0.0618, device='cuda:0')","tensor(0.3623, device='cuda:0')","tensor(0.3683, device='cuda:0')","tensor(97.8556, device='cuda:0')","tensor(90.2800, device='cuda:0')","tensor(89.8000, device='cuda:0')","tensor(99.9978, device='cuda:0')","tensor(99.6200, device='cuda:0')","tensor(99.5900, device='cuda:0')",133,"tensor(90.6000, device='cuda:0')",137,"tensor(90.2000, device='cuda:0')"
139,"tensor(0.0619, device='cuda:0')","tensor(0.3519, device='cuda:0')","tensor(0.3591, device='cuda:0')","tensor(97.8267, device='cuda:0')","tensor(90.5600, device='cuda:0')","tensor(90.3800, device='cuda:0')","tensor(99.9956, device='cuda:0')","tensor(99.6400, device='cuda:0')","tensor(99.6300, device='cuda:0')",133,"tensor(90.6000, device='cuda:0')",139,"tensor(90.3800, device='cuda:0')"
140,"tensor(0.0613, device='cuda:0')","tensor(0.3571, device='cuda:0')","tensor(0.3658, device='cuda:0')","tensor(97.9422, device='cuda:0')","tensor(90.5600, device='cuda:0')","tensor(90.3800, device='cuda:0')","tensor(99.9978, device='cuda:0')","tensor(99.6800, device='cuda:0')","tensor(99.6700, device='cuda:0')",133,"tensor(90.6000, device='cuda:0')",139,"tensor(90.3800, device='cuda:0')"
141,"tensor(0.0601, device='cuda:0')","tensor(0.3603, device='cuda:0')","tensor(0.3777, device='cuda:0')","tensor(97.9644, device='cuda:0')","tensor(90.2200, device='cuda:0')","tensor(89.8500, device='cuda:0')","tensor(99.9978, device='cuda:0')","tensor(99.5600, device='cuda:0')","tensor(99.5100, device='cuda:0')",133,"tensor(90.6000, device='cuda:0')",139,"tensor(90.3800, device='cuda:0')"
142,"tensor(0.0581, device='cuda:0')","tensor(0.3767, device='cuda:0')","tensor(0.3755, device='cuda:0')","tensor(98.0089, device='cuda:0')","tensor(90.6600, device='cuda:0')","tensor(90.1200, device='cuda:0')","tensor(99.9956, device='cuda:0')","tensor(99.5800, device='cuda:0')","tensor(99.5600, device='cuda:0')",142,"tensor(90.6600, device='cuda:0')",139,"tensor(90.3800, device='cuda:0')"
143,"tensor(0.0587, device='cuda:0')","tensor(0.3656, device='cuda:0')","tensor(0.3731, device='cuda:0')","tensor(97.9222, device='cuda:0')","tensor(90.3800, device='cuda:0')","tensor(90.0900, device='cuda:0')","tensor(99.9956, device='cuda:0')","tensor(99.7400, device='cuda:0')","tensor(99.6000, device='cuda:0')",142,"tensor(90.6600, device='cuda:0')",139,"tensor(90.3800, device='cuda:0')"
144,"tensor(0.0609, device='cuda:0')","tensor(0.3825, device='cuda:0')","tensor(0.3707, device='cuda:0')","tensor(97.9089, device='cuda:0')","tensor(90.2400, device='cuda:0')","tensor(89.8700, device='cuda:0')","tensor(99.9933, device='cuda:0')","tensor(99.5800, device='cuda:0')","tensor(99.6000, device='cuda:0')",142,"tensor(90.6600, device='cuda:0')",139,"tensor(90.3800, device='cuda:0')"
145,"tensor(0.0613, device='cuda:0')","tensor(0.3769, device='cuda:0')","tensor(0.3751, device='cuda:0')","tensor(97.9311, device='cuda:0')","tensor(90.4000, device='cuda:0')","tensor(90.3500, device='cuda:0')","tensor(99.9956, device='cuda:0')","tensor(99.6600, device='cuda:0')","tensor(99.5600, device='cuda:0')",142,"tensor(90.6600, device='cuda:0')",139,"tensor(90.3800, device='cuda:0')"
146,"tensor(0.0589, device='cuda:0')","tensor(0.3574, device='cuda:0')","tensor(0.3757, device='cuda:0')","tensor(98.0356, device='cuda:0')","tensor(90.3200, device='cuda:0')","tensor(89.8900, device='cuda:0')","tensor(99.9956, device='cuda:0')","tensor(99.6400, device='cuda:0')","tensor(99.5500, device='cuda:0')",142,"tensor(90.6600, device='cuda:0')",139,"tensor(90.3800, device='cuda:0')"
147,"tensor(0.0577, device='cuda:0')","tensor(0.3682, device='cuda:0')","tensor(0.3661, device='cuda:0')","tensor(98.0733, device='cuda:0')","tensor(90.3600, device='cuda:0')","tensor(90.5700, device='cuda:0')","tensor(99.9978, device='cuda:0')","tensor(99.6400, device='cuda:0')","tensor(99.6100, device='cuda:0')",142,"tensor(90.6600, device='cuda:0')",147,"tensor(90.5700, device='cuda:0')"
148,"tensor(0.0557, device='cuda:0')","tensor(0.3732, device='cuda:0')","tensor(0.3625, device='cuda:0')","tensor(98.1089, device='cuda:0')","tensor(90.0400, device='cuda:0')","tensor(90.4300, device='cuda:0')","tensor(99.9911, device='cuda:0')","tensor(99.7400, device='cuda:0')","tensor(99.6100, device='cuda:0')",142,"tensor(90.6600, device='cuda:0')",147,"tensor(90.5700, device='cuda:0')"
149,"tensor(0.0581, device='cuda:0')","tensor(0.3678, device='cuda:0')","tensor(0.3820, device='cuda:0')","tensor(98.0022, device='cuda:0')","tensor(90.4200, device='cuda:0')","tensor(90.3500, device='cuda:0')","tensor(99.9956, device='cuda:0')","tensor(99.6400, device='cuda:0')","tensor(99.5200, device='cuda:0')",142,"tensor(90.6600, device='cuda:0')",147,"tensor(90.5700, device='cuda:0')"
150,"tensor(0.0580, device='cuda:0')","tensor(0.3582, device='cuda:0')","tensor(0.3750, device='cuda:0')","tensor(98.0200, device='cuda:0')","tensor(90.3800, device='cuda:0')","tensor(90.3000, device='cuda:0')","tensor(99.9978, device='cuda:0')","tensor(99.5800, device='cuda:0')","tensor(99.5000, device='cuda:0')",142,"tensor(90.6600, device='cuda:0')",147,"tensor(90.5700, device='cuda:0')"
151,"tensor(0.0596, device='cuda:0')","tensor(0.3526, device='cuda:0')","tensor(0.3811, device='cuda:0')","tensor(98.0044, device='cuda:0')","tensor(90.7800, device='cuda:0')","tensor(89.9500, device='cuda:0')","tensor(99.9889, device='cuda:0')","tensor(99.6600, device='cuda:0')","tensor(99.6400, device='cuda:0')",151,"tensor(90.7800, device='cuda:0')",147,"tensor(90.5700, device='cuda:0')"
152,"tensor(0.0543, device='cuda:0')","tensor(0.3771, device='cuda:0')","tensor(0.3780, device='cuda:0')","tensor(98.0978, device='cuda:0')","tensor(90.0200, device='cuda:0')","tensor(90.3200, device='cuda:0')","tensor(99.9956, device='cuda:0')","tensor(99.6600, device='cuda:0')","tensor(99.6000, device='cuda:0')",151,"tensor(90.7800, device='cuda:0')",147,"tensor(90.5700, device='cuda:0')"
153,"tensor(0.0529, device='cuda:0')","tensor(0.3627, device='cuda:0')","tensor(0.3825, device='cuda:0')","tensor(98.1489, device='cuda:0')","tensor(90.6000, device='cuda:0')","tensor(90.2100, device='cuda:0')","tensor(99.9933, device='cuda:0')","tensor(99.6800, device='cuda:0')","tensor(99.5100, device='cuda:0')",151,"tensor(90.7800, device='cuda:0')",147,"tensor(90.5700, device='cuda:0')"
154,"tensor(0.0557, device='cuda:0')","tensor(0.3655, device='cuda:0')","tensor(0.3805, device='cuda:0')","tensor(98.1200, device='cuda:0')","tensor(90.6600, device='cuda:0')","tensor(90.0700, device='cuda:0')","tensor(99.9956, device='cuda:0')","tensor(99.6200, device='cuda:0')","tensor(99.5100, device='cuda:0')",151,"tensor(90.7800, device='cuda:0')",147,"tensor(90.5700, device='cuda:0')"
155,"tensor(0.0524, device='cuda:0')","tensor(0.3750, device='cuda:0')","tensor(0.3769, device='cuda:0')","tensor(98.2022, device='cuda:0')","tensor(90.2000, device='cuda:0')","tensor(90.2600, device='cuda:0')","tensor(100., device='cuda:0')","tensor(99.6200, device='cuda:0')","tensor(99.5700, device='cuda:0')",151,"tensor(90.7800, device='cuda:0')",147,"tensor(90.5700, device='cuda:0')"
156,"tensor(0.0531, device='cuda:0')","tensor(0.3810, device='cuda:0')","tensor(0.3729, device='cuda:0')","tensor(98.2244, device='cuda:0')","tensor(90.1200, device='cuda:0')","tensor(90.1900, device='cuda:0')","tensor(99.9933, device='cuda:0')","tensor(99.6800, device='cuda:0')","tensor(99.7000, device='cuda:0')",151,"tensor(90.7800, device='cuda:0')",147,"tensor(90.5700, device='cuda:0')"
157,"tensor(0.0514, device='cuda:0')","tensor(0.3615, device='cuda:0')","tensor(0.3796, device='cuda:0')","tensor(98.2556, device='cuda:0')","tensor(90.5200, device='cuda:0')","tensor(90.1200, device='cuda:0')","tensor(99.9911, device='cuda:0')","tensor(99.6400, device='cuda:0')","tensor(99.6700, device='cuda:0')",151,"tensor(90.7800, device='cuda:0')",147,"tensor(90.5700, device='cuda:0')"
158,"tensor(0.0541, device='cuda:0')","tensor(0.3788, device='cuda:0')","tensor(0.3807, device='cuda:0')","tensor(98.1644, device='cuda:0')","tensor(90.4400, device='cuda:0')","tensor(90.3200, device='cuda:0')","tensor(99.9933, device='cuda:0')","tensor(99.6000, device='cuda:0')","tensor(99.6300, device='cuda:0')",151,"tensor(90.7800, device='cuda:0')",147,"tensor(90.5700, device='cuda:0')"
159,"tensor(0.0530, device='cuda:0')","tensor(0.3680, device='cuda:0')","tensor(0.3910, device='cuda:0')","tensor(98.1933, device='cuda:0')","tensor(90.2800, device='cuda:0')","tensor(89.7500, device='cuda:0')","tensor(100., device='cuda:0')","tensor(99.6400, device='cuda:0')","tensor(99.5400, device='cuda:0')",151,"tensor(90.7800, device='cuda:0')",147,"tensor(90.5700, device='cuda:0')"
160,"tensor(0.0528, device='cuda:0')","tensor(0.3592, device='cuda:0')","tensor(0.3793, device='cuda:0')","tensor(98.2089, device='cuda:0')","tensor(90.8000, device='cuda:0')","tensor(90.3400, device='cuda:0')","tensor(99.9978, device='cuda:0')","tensor(99.7200, device='cuda:0')","tensor(99.4800, device='cuda:0')",160,"tensor(90.8000, device='cuda:0')",147,"tensor(90.5700, device='cuda:0')"
161,"tensor(0.0542, device='cuda:0')","tensor(0.3587, device='cuda:0')","tensor(0.3798, device='cuda:0')","tensor(98.1333, device='cuda:0')","tensor(90.8600, device='cuda:0')","tensor(90.4200, device='cuda:0')","tensor(99.9956, device='cuda:0')","tensor(99.7600, device='cuda:0')","tensor(99.5000, device='cuda:0')",161,"tensor(90.8600, device='cuda:0')",147,"tensor(90.5700, device='cuda:0')"
162,"tensor(0.0525, device='cuda:0')","tensor(0.3687, device='cuda:0')","tensor(0.3905, device='cuda:0')","tensor(98.2200, device='cuda:0')","tensor(90.6000, device='cuda:0')","tensor(90.0900, device='cuda:0')","tensor(99.9911, device='cuda:0')","tensor(99.7400, device='cuda:0')","tensor(99.5100, device='cuda:0')",161,"tensor(90.8600, device='cuda:0')",147,"tensor(90.5700, device='cuda:0')"
163,"tensor(0.0547, device='cuda:0')","tensor(0.3721, device='cuda:0')","tensor(0.3948, device='cuda:0')","tensor(98.2000, device='cuda:0')","tensor(90.6200, device='cuda:0')","tensor(90.0500, device='cuda:0')","tensor(99.9956, device='cuda:0')","tensor(99.6000, device='cuda:0')","tensor(99.5500, device='cuda:0')",161,"tensor(90.8600, device='cuda:0')",147,"tensor(90.5700, device='cuda:0')"
164,"tensor(0.0534, device='cuda:0')","tensor(0.3649, device='cuda:0')","tensor(0.3839, device='cuda:0')","tensor(98.1489, device='cuda:0')","tensor(90.7800, device='cuda:0')","tensor(90.1900, device='cuda:0')","tensor(99.9978, device='cuda:0')","tensor(99.7200, device='cuda:0')","tensor(99.5400, device='cuda:0')",161,"tensor(90.8600, device='cuda:0')",147,"tensor(90.5700, device='cuda:0')"
165,"tensor(0.0521, device='cuda:0')","tensor(0.3769, device='cuda:0')","tensor(0.3770, device='cuda:0')","tensor(98.2733, device='cuda:0')","tensor(90.5400, device='cuda:0')","tensor(90.1500, device='cuda:0')","tensor(99.9933, device='cuda:0')","tensor(99.6400, device='cuda:0')","tensor(99.5900, device='cuda:0')",161,"tensor(90.8600, device='cuda:0')",147,"tensor(90.5700, device='cuda:0')"
166,"tensor(0.0532, device='cuda:0')","tensor(0.3584, device='cuda:0')","tensor(0.3718, device='cuda:0')","tensor(98.1600, device='cuda:0')","tensor(90.4200, device='cuda:0')","tensor(89.8600, device='cuda:0')","tensor(99.9933, device='cuda:0')","tensor(99.7200, device='cuda:0')","tensor(99.6100, device='cuda:0')",161,"tensor(90.8600, device='cuda:0')",147,"tensor(90.5700, device='cuda:0')"
167,"tensor(0.0479, device='cuda:0')","tensor(0.3648, device='cuda:0')","tensor(0.3801, device='cuda:0')","tensor(98.4289, device='cuda:0')","tensor(91.0800, device='cuda:0')","tensor(90.2000, device='cuda:0')","tensor(99.9956, device='cuda:0')","tensor(99.6800, device='cuda:0')","tensor(99.5700, device='cuda:0')",167,"tensor(91.0800, device='cuda:0')",147,"tensor(90.5700, device='cuda:0')"
168,"tensor(0.0516, device='cuda:0')","tensor(0.3765, device='cuda:0')","tensor(0.3702, device='cuda:0')","tensor(98.3089, device='cuda:0')","tensor(90.5200, device='cuda:0')","tensor(90.4500, device='cuda:0')","tensor(100., device='cuda:0')","tensor(99.7600, device='cuda:0')","tensor(99.5200, device='cuda:0')",167,"tensor(91.0800, device='cuda:0')",147,"tensor(90.5700, device='cuda:0')"
169,"tensor(0.0500, device='cuda:0')","tensor(0.3461, device='cuda:0')","tensor(0.3722, device='cuda:0')","tensor(98.3378, device='cuda:0')","tensor(90.8800, device='cuda:0')","tensor(90.2700, device='cuda:0')","tensor(100., device='cuda:0')","tensor(99.7000, device='cuda:0')","tensor(99.5800, device='cuda:0')",167,"tensor(91.0800, device='cuda:0')",147,"tensor(90.5700, device='cuda:0')"
170,"tensor(0.0498, device='cuda:0')","tensor(0.3763, device='cuda:0')","tensor(0.3796, device='cuda:0')","tensor(98.2578, device='cuda:0')","tensor(90.8200, device='cuda:0')","tensor(90.0400, device='cuda:0')","tensor(99.9956, device='cuda:0')","tensor(99.6600, device='cuda:0')","tensor(99.5600, device='cuda:0')",167,"tensor(91.0800, device='cuda:0')",147,"tensor(90.5700, device='cuda:0')"
171,"tensor(0.0526, device='cuda:0')","tensor(0.3766, device='cuda:0')","tensor(0.3808, device='cuda:0')","tensor(98.2244, device='cuda:0')","tensor(90.4600, device='cuda:0')","tensor(90.2400, device='cuda:0')","tensor(99.9933, device='cuda:0')","tensor(99.6000, device='cuda:0')","tensor(99.4300, device='cuda:0')",167,"tensor(91.0800, device='cuda:0')",147,"tensor(90.5700, device='cuda:0')"
172,"tensor(0.0491, device='cuda:0')","tensor(0.3774, device='cuda:0')","tensor(0.3717, device='cuda:0')","tensor(98.3244, device='cuda:0')","tensor(90.3800, device='cuda:0')","tensor(90.3400, device='cuda:0')","tensor(100., device='cuda:0')","tensor(99.7600, device='cuda:0')","tensor(99.5700, device='cuda:0')",167,"tensor(91.0800, device='cuda:0')",147,"tensor(90.5700, device='cuda:0')"
173,"tensor(0.0499, device='cuda:0')","tensor(0.3662, device='cuda:0')","tensor(0.3645, device='cuda:0')","tensor(98.3022, device='cuda:0')","tensor(90.4400, device='cuda:0')","tensor(90.1100, device='cuda:0')","tensor(99.9978, device='cuda:0')","tensor(99.6800, device='cuda:0')","tensor(99.6100, device='cuda:0')",167,"tensor(91.0800, device='cuda:0')",147,"tensor(90.5700, device='cuda:0')"
174,"tensor(0.0526, device='cuda:0')","tensor(0.3535, device='cuda:0')","tensor(0.3614, device='cuda:0')","tensor(98.2000, device='cuda:0')","tensor(91.0800, device='cuda:0')","tensor(90.4700, device='cuda:0')","tensor(99.9956, device='cuda:0')","tensor(99.7000, device='cuda:0')","tensor(99.5600, device='cuda:0')",167,"tensor(91.0800, device='cuda:0')",147,"tensor(90.5700, device='cuda:0')"
175,"tensor(0.0492, device='cuda:0')","tensor(0.3704, device='cuda:0')","tensor(0.3877, device='cuda:0')","tensor(98.3667, device='cuda:0')","tensor(90.7000, device='cuda:0')","tensor(90.3700, device='cuda:0')","tensor(99.9956, device='cuda:0')","tensor(99.5800, device='cuda:0')","tensor(99.4700, device='cuda:0')",167,"tensor(91.0800, device='cuda:0')",147,"tensor(90.5700, device='cuda:0')"
176,"tensor(0.0503, device='cuda:0')","tensor(0.3733, device='cuda:0')","tensor(0.3821, device='cuda:0')","tensor(98.3067, device='cuda:0')","tensor(90.6200, device='cuda:0')","tensor(90.0900, device='cuda:0')","tensor(99.9978, device='cuda:0')","tensor(99.4600, device='cuda:0')","tensor(99.5100, device='cuda:0')",167,"tensor(91.0800, device='cuda:0')",147,"tensor(90.5700, device='cuda:0')"
177,"tensor(0.0461, device='cuda:0')","tensor(0.3640, device='cuda:0')","tensor(0.3881, device='cuda:0')","tensor(98.4822, device='cuda:0')","tensor(90.8200, device='cuda:0')","tensor(89.9400, device='cuda:0')","tensor(99.9978, device='cuda:0')","tensor(99.6400, device='cuda:0')","tensor(99.5200, device='cuda:0')",167,"tensor(91.0800, device='cuda:0')",147,"tensor(90.5700, device='cuda:0')"
178,"tensor(0.0478, device='cuda:0')","tensor(0.3645, device='cuda:0')","tensor(0.3813, device='cuda:0')","tensor(98.4067, device='cuda:0')","tensor(90.7400, device='cuda:0')","tensor(90.3000, device='cuda:0')","tensor(99.9933, device='cuda:0')","tensor(99.6400, device='cuda:0')","tensor(99.5900, device='cuda:0')",167,"tensor(91.0800, device='cuda:0')",147,"tensor(90.5700, device='cuda:0')"
179,"tensor(0.0478, device='cuda:0')","tensor(0.3553, device='cuda:0')","tensor(0.3847, device='cuda:0')","tensor(98.3378, device='cuda:0')","tensor(90.4000, device='cuda:0')","tensor(90.1200, device='cuda:0')","tensor(99.9956, device='cuda:0')","tensor(99.7600, device='cuda:0')","tensor(99.6000, device='cuda:0')",167,"tensor(91.0800, device='cuda:0')",147,"tensor(90.5700, device='cuda:0')"
180,"tensor(0.0490, device='cuda:0')","tensor(0.3730, device='cuda:0')","tensor(0.3896, device='cuda:0')","tensor(98.3133, device='cuda:0')","tensor(90.6200, device='cuda:0')","tensor(90.1300, device='cuda:0')","tensor(100., device='cuda:0')","tensor(99.6400, device='cuda:0')","tensor(99.6500, device='cuda:0')",167,"tensor(91.0800, device='cuda:0')",147,"tensor(90.5700, device='cuda:0')"
181,"tensor(0.0489, device='cuda:0')","tensor(0.3735, device='cuda:0')","tensor(0.3801, device='cuda:0')","tensor(98.3467, device='cuda:0')","tensor(90.6200, device='cuda:0')","tensor(90.5600, device='cuda:0')","tensor(99.9956, device='cuda:0')","tensor(99.6400, device='cuda:0')","tensor(99.4800, device='cuda:0')",167,"tensor(91.0800, device='cuda:0')",147,"tensor(90.5700, device='cuda:0')"
182,"tensor(0.0488, device='cuda:0')","tensor(0.3694, device='cuda:0')","tensor(0.3846, device='cuda:0')","tensor(98.2867, device='cuda:0')","tensor(90.6000, device='cuda:0')","tensor(90.1800, device='cuda:0')","tensor(99.9978, device='cuda:0')","tensor(99.7400, device='cuda:0')","tensor(99.5100, device='cuda:0')",167,"tensor(91.0800, device='cuda:0')",147,"tensor(90.5700, device='cuda:0')"
183,"tensor(0.0489, device='cuda:0')","tensor(0.3641, device='cuda:0')","tensor(0.3843, device='cuda:0')","tensor(98.3400, device='cuda:0')","tensor(90.9000, device='cuda:0')","tensor(90.2200, device='cuda:0')","tensor(100., device='cuda:0')","tensor(99.6800, device='cuda:0')","tensor(99.5800, device='cuda:0')",167,"tensor(91.0800, device='cuda:0')",147,"tensor(90.5700, device='cuda:0')"
184,"tensor(0.0483, device='cuda:0')","tensor(0.3560, device='cuda:0')","tensor(0.3761, device='cuda:0')","tensor(98.3711, device='cuda:0')","tensor(91., device='cuda:0')","tensor(90.1800, device='cuda:0')","tensor(99.9956, device='cuda:0')","tensor(99.6200, device='cuda:0')","tensor(99.5100, device='cuda:0')",167,"tensor(91.0800, device='cuda:0')",147,"tensor(90.5700, device='cuda:0')"
185,"tensor(0.0501, device='cuda:0')","tensor(0.3614, device='cuda:0')","tensor(0.3755, device='cuda:0')","tensor(98.2911, device='cuda:0')","tensor(90.4200, device='cuda:0')","tensor(90.1200, device='cuda:0')","tensor(100., device='cuda:0')","tensor(99.6000, device='cuda:0')","tensor(99.4800, device='cuda:0')",167,"tensor(91.0800, device='cuda:0')",147,"tensor(90.5700, device='cuda:0')"
186,"tensor(0.0509, device='cuda:0')","tensor(0.3836, device='cuda:0')","tensor(0.3852, device='cuda:0')","tensor(98.2889, device='cuda:0')","tensor(89.9400, device='cuda:0')","tensor(89.9500, device='cuda:0')","tensor(99.9978, device='cuda:0')","tensor(99.7600, device='cuda:0')","tensor(99.5800, device='cuda:0')",167,"tensor(91.0800, device='cuda:0')",147,"tensor(90.5700, device='cuda:0')"
187,"tensor(0.0458, device='cuda:0')","tensor(0.3713, device='cuda:0')","tensor(0.3821, device='cuda:0')","tensor(98.4422, device='cuda:0')","tensor(90.5200, device='cuda:0')","tensor(90.4300, device='cuda:0')","tensor(100., device='cuda:0')","tensor(99.5600, device='cuda:0')","tensor(99.6200, device='cuda:0')",167,"tensor(91.0800, device='cuda:0')",147,"tensor(90.5700, device='cuda:0')"
188,"tensor(0.0481, device='cuda:0')","tensor(0.3633, device='cuda:0')","tensor(0.3672, device='cuda:0')","tensor(98.3733, device='cuda:0')","tensor(90.6200, device='cuda:0')","tensor(90.5600, device='cuda:0')","tensor(99.9911, device='cuda:0')","tensor(99.7600, device='cuda:0')","tensor(99.6100, device='cuda:0')",167,"tensor(91.0800, device='cuda:0')",147,"tensor(90.5700, device='cuda:0')"
189,"tensor(0.0474, device='cuda:0')","tensor(0.3754, device='cuda:0')","tensor(0.3871, device='cuda:0')","tensor(98.3600, device='cuda:0')","tensor(90.8600, device='cuda:0')","tensor(90.1900, device='cuda:0')","tensor(99.9933, device='cuda:0')","tensor(99.7400, device='cuda:0')","tensor(99.5300, device='cuda:0')",167,"tensor(91.0800, device='cuda:0')",147,"tensor(90.5700, device='cuda:0')"
190,"tensor(0.0483, device='cuda:0')","tensor(0.3634, device='cuda:0')","tensor(0.3841, device='cuda:0')","tensor(98.3511, device='cuda:0')","tensor(90.3800, device='cuda:0')","tensor(90.1900, device='cuda:0')","tensor(99.9933, device='cuda:0')","tensor(99.6200, device='cuda:0')","tensor(99.6300, device='cuda:0')",167,"tensor(91.0800, device='cuda:0')",147,"tensor(90.5700, device='cuda:0')"
191,"tensor(0.0454, device='cuda:0')","tensor(0.3733, device='cuda:0')","tensor(0.3851, device='cuda:0')","tensor(98.4311, device='cuda:0')","tensor(90.7200, device='cuda:0')","tensor(90.2800, device='cuda:0')","tensor(100., device='cuda:0')","tensor(99.6800, device='cuda:0')","tensor(99.4600, device='cuda:0')",167,"tensor(91.0800, device='cuda:0')",147,"tensor(90.5700, device='cuda:0')"
192,"tensor(0.0435, device='cuda:0')","tensor(0.3683, device='cuda:0')","tensor(0.3838, device='cuda:0')","tensor(98.5467, device='cuda:0')","tensor(90.7800, device='cuda:0')","tensor(90.5000, device='cuda:0')","tensor(100., device='cuda:0')","tensor(99.7200, device='cuda:0')","tensor(99.5400, device='cuda:0')",167,"tensor(91.0800, device='cuda:0')",147,"tensor(90.5700, device='cuda:0')"
193,"tensor(0.0501, device='cuda:0')","tensor(0.3714, device='cuda:0')","tensor(0.3779, device='cuda:0')","tensor(98.2733, device='cuda:0')","tensor(90.4200, device='cuda:0')","tensor(90.4800, device='cuda:0')","tensor(100., device='cuda:0')","tensor(99.6200, device='cuda:0')","tensor(99.5300, device='cuda:0')",167,"tensor(91.0800, device='cuda:0')",147,"tensor(90.5700, device='cuda:0')"
194,"tensor(0.0479, device='cuda:0')","tensor(0.3710, device='cuda:0')","tensor(0.3794, device='cuda:0')","tensor(98.3600, device='cuda:0')","tensor(90.7400, device='cuda:0')","tensor(90.4300, device='cuda:0')","tensor(99.9911, device='cuda:0')","tensor(99.7200, device='cuda:0')","tensor(99.5300, device='cuda:0')",167,"tensor(91.0800, device='cuda:0')",147,"tensor(90.5700, device='cuda:0')"
195,"tensor(0.0482, device='cuda:0')","tensor(0.3694, device='cuda:0')","tensor(0.3704, device='cuda:0')","tensor(98.3222, device='cuda:0')","tensor(90.5000, device='cuda:0')","tensor(90.6100, device='cuda:0')","tensor(100., device='cuda:0')","tensor(99.6200, device='cuda:0')","tensor(99.6100, device='cuda:0')",167,"tensor(91.0800, device='cuda:0')",195,"tensor(90.6100, device='cuda:0')"
196,"tensor(0.0439, device='cuda:0')","tensor(0.3622, device='cuda:0')","tensor(0.3821, device='cuda:0')","tensor(98.5489, device='cuda:0')","tensor(90.9600, device='cuda:0')","tensor(90.1900, device='cuda:0')","tensor(100., device='cuda:0')","tensor(99.7200, device='cuda:0')","tensor(99.4800, device='cuda:0')",167,"tensor(91.0800, device='cuda:0')",195,"tensor(90.6100, device='cuda:0')"
197,"tensor(0.0440, device='cuda:0')","tensor(0.3855, device='cuda:0')","tensor(0.3827, device='cuda:0')","tensor(98.5378, device='cuda:0')","tensor(90.2600, device='cuda:0')","tensor(90.1000, device='cuda:0')","tensor(99.9956, device='cuda:0')","tensor(99.6800, device='cuda:0')","tensor(99.5900, device='cuda:0')",167,"tensor(91.0800, device='cuda:0')",195,"tensor(90.6100, device='cuda:0')"
198,"tensor(0.0461, device='cuda:0')","tensor(0.3749, device='cuda:0')","tensor(0.3806, device='cuda:0')","tensor(98.4244, device='cuda:0')","tensor(90.5800, device='cuda:0')","tensor(90.2700, device='cuda:0')","tensor(99.9978, device='cuda:0')","tensor(99.6000, device='cuda:0')","tensor(99.6100, device='cuda:0')",167,"tensor(91.0800, device='cuda:0')",195,"tensor(90.6100, device='cuda:0')"
199,"tensor(0.0450, device='cuda:0')","tensor(0.3701, device='cuda:0')","tensor(0.3816, device='cuda:0')","tensor(98.4800, device='cuda:0')","tensor(91.0600, device='cuda:0')","tensor(90.0800, device='cuda:0')","tensor(99.9978, device='cuda:0')","tensor(99.6400, device='cuda:0')","tensor(99.5800, device='cuda:0')",167,"tensor(91.0800, device='cuda:0')",195,"tensor(90.6100, device='cuda:0')"
200,"tensor(0.0474, device='cuda:0')","tensor(0.3631, device='cuda:0')","tensor(0.3894, device='cuda:0')","tensor(98.4222, device='cuda:0')","tensor(90.7600, device='cuda:0')","tensor(90.0800, device='cuda:0')","tensor(99.9978, device='cuda:0')","tensor(99.7000, device='cuda:0')","tensor(99.6000, device='cuda:0')",167,"tensor(91.0800, device='cuda:0')",195,"tensor(90.6100, device='cuda:0')"
